country,1989,1990,1991,1992,1993,1994,1995,1996,1997,1998,1999,2000,2001,2002,2003,2004,2005,2006,2007,2008,2009,2010,2011,2012,2013,2014,2015,2016,2017,2018
Afghanistan,809,806,809,812,811,810,810,808,804,800,800,809,811,819,829,832,837,844,854,863,874,890,911,929,951,976,1010,1040,1080,1110
Angola,490,501,513,527,538,545,546,555,576,592,602,607,602,614,642,649,680,704,737,778,816,860,908,944,964,1000,1040,1080,1140,1190
Albania,518,528,511,499,479,508,542,565,582,584,593,579,599,631,643,632,613,606,634,652,673,711,737,767,811,852,875,897,917,937
Andorra,21.5,22.8,24.3,25.9,26.3,26.9,27.4,28.3,29.1,29.8,30.6,31.5,32.5,34,35.1,35.6,36.7,37.8,38.8,39.6,40.3,37,35.8,36.4,37.3,37.7,38.8,40.4,42,43.6
United Arab Emirates,50.5,54.2,58.4,62.9,68.5,73.9,78.9,83.9,88,93.1,101,106,112,116,122,129,135,142,149,161,176,194,213,236,260,288,319,355,393,434
Argentina,8320,8360,8680,8570,8560,8580,8820,8920,8970,9090,8690,8710,8950,8930,8630,8590,8640,8970,8760,8690,8620,8720,8740,8720,8510,8590,8990,9190,9250,9440
Armenia,940,992,1050,1080,1030,1010,1030,1000,982,1020,1020,1060,1080,1090,1080,1100,1120,1100,1120,1110,1090,1080,1040,1000,1020,1050,1050,1070,1080,1100
American Samoa,4.79,4.94,5.06,5.16,5.3,5.45,5.61,5.75,5.97,6.18,6.11,6.13,6.36,6.57,6.77,6.83,6.95,7.04,7.17,7.29,7.43,7.55,7.61,7.75,7.85,7.98,8.18,8.3,8.45,8.61
Antigua and Barbuda,3.93,3.88,3.93,4.1,4.16,4.18,3.67,3.55,3.54,3.6,3.74,3.71,3.77,3.86,3.96,4.07,4.37,5.5,5.64,5.05,5.06,5.1,5.1,5.07,5.23,5.35,5.46,5.59,5.78,6.01
Australia,5420,5370,5490,5490,5690,5650,5760,5750,5820,5760,5700,5630,5610,5420,5800,5990,6090,6430,6650,6640,6700,6740,6650,6700,6910,7050,6900,7030,7330,7520
Austria,2600,2690,2670,2690,2650,2710,2720,2700,2740,2700,2750,2740,2820,2860,2940,2960,2910,2990,2990,3190,3180,3120,3140,3190,3160,3230,3130,3110,3080,3100
Azerbaijan,1200,1210,1230,1220,1190,1150,1110,1070,1030,1010,981,950,950,974,998,1060,1130,1190,1270,1340,1400,1480,1550,1600,1650,1700,1750,1830,1860,1920
Burundi,151,152,153,155,156,157,156,155,153,151,150,147,147,149,153,157,159,162,165,169,176,183,190,196,202,209,214,222,233,242
Belgium,6710,6730,6690,6740,6650,6670,6440,6390,6250,6310,6200,6090,6080,5930,5800,5780,5500,5460,5310,5720,5890,6030,6250,6200,6110,6100,5970,5980,6000,6060
Benin,151,153,154,156,159,161,165,167,171,176,183,190,199,206,213,218,225,230,241,252,262,273,282,291,300,307,316,328,337,351
Burkina Faso,278,278,282,287,292,296,296,301,309,312,322,325,333,345,360,374,383,394,406,419,445,465,489,516,539,564,590,618,644,661
Bangladesh,3730,3500,3520,3550,3570,3650,3670,3670,3670,3680,3810,3850,3960,4120,4240,4440,4690,4900,5060,5220,5400,5400,5410,5580,5910,6070,6350,6820,7170,7500
Bulgaria,3080,2890,2820,2640,2570,2470,2410,2450,2450,2370,2470,2570,2700,2930,3250,3570,3770,3900,4000,4070,4110,4140,4110,4070,4160,4090,4040,3980,3910,3850
Bahrain,48,48.8,48.5,47.9,48.9,51,52.3,53.5,54.9,53.6,49.6,47.4,53.7,58.7,58.4,57.5,57.4,57.5,58.9,60,62,61.7,61.4,61.7,63.7,69.7,75.8,83.6,93,104
Bahamas,20,19.9,19.8,20.2,21.3,22,22.8,22.1,22.7,24,23.1,24.4,24.5,25.2,26.1,26.4,28.3,28.5,29.9,31,31.9,32.3,32.4,31.9,33.3,35,36.1,37.2,38.8,40.2
Bosnia and Herzegovina,1370,1530,1520,1550,1560,1570,1590,1610,1600,1630,1700,1730,1770,1790,1760,1880,1840,1940,1850,1860,1840,1850,1810,1830,1830,1850,1820,1830,1850,1860
Belarus,3870,4120,4330,4770,4700,4770,4670,4650,4620,4550,4100,4190,4120,3850,3710,3750,3540,3260,3310,3310,3460,3480,3060,2970,3000,3020,3060,3170,3160,3240
Belize,7.2,7.19,7.48,7.7,8.26,9.06,10.1,11.8,13.6,15,15.3,14.8,14.3,14.3,14.8,15.2,15.9,16.3,16.4,17.2,17.9,18.3,18.5,19.3,20.7,22.4,23,24.1,25.9,27.3
Bermuda,17.7,17.3,16.5,16.9,16.5,15.8,16.5,15.7,15.9,16.1,16.9,16.4,17.1,17.8,18,18.5,19.4,19.5,20,20.6,20.9,21.1,21.8,22.1,22.8,22.7,22.9,23.4,24,24.5
Bolivia,277,283,287,294,298,309,317,335,349,361,373,382,390,401,408,417,430,443,460,477,496,517,537,557,572,594,622,643,670,693
Brazil,11.2k,11.3k,11.6k,12.3k,12.6k,12.9k,13.4k,13.6k,14.2k,14.6k,15k,15.4k,15.7k,16.1k,16.5k,16.4k,16.7k,17k,17.3k,17.7k,18k,18.3k,18.5k,18.9k,19.1k,19.5k,20.2k,20.1k,20.5k,21.1k
Barbados,20.1,19.9,20.8,21.2,21.9,22,22.3,22.7,21.9,20.3,20.1,19.4,20.8,22.3,23.1,23.3,23.7,23.7,23.5,22.4,22.7,22.8,23.4,24.1,24.8,25.3,25.9,26.8,28.4,31
Brunei,25.8,25.4,25.4,25.3,24.2,23.8,23.1,23.3,24.8,26,26.9,27.3,28.8,30.9,32.6,34.8,36.2,36.7,37.9,39.9,42.1,43.1,44.2,46.9,49.1,51,53.9,56.8,59.6,62.5
Bhutan,11.7,12.2,12.5,12.9,13.3,13.8,14,14.6,15.2,15.5,16.3,16.8,17.4,18.2,18.9,19.7,20.4,21.4,22.1,23.1,23.9,24.8,25.5,26.2,26.9,27.6,28.4,29.2,30.1,31.1
Botswana,83,88.8,95.5,103,111,121,131,140,146,152,156,159,160,158,155,152,153,150,151,154,158,162,167,172,177,182,187,194,202,209
Central African Republic,151,155,157,158,161,163,167,169,172,176,177,179,182,184,187,188,190,192,194,199,206,211,214,216,218,220,223,226,231,236
Canada,11.1k,11.1k,11.2k,11.6k,11.4k,11.7k,11.6k,11.7k,11.8k,11.9k,11.8k,11.9k,12k,12.4k,12.7k,13.1k,13.2k,13.7k,13.9k,13.9k,13.7k,13.5k,13.9k,13.9k,14.2k,14.2k,14.4k,14.7k,15.5k,15.9k
Switzerland,3120,3130,3010,2850,2810,2740,2580,2610,2640,2550,2650,2610,2610,2670,2640,2650,2630,2660,2630,2700,2640,2630,2630,2690,2640,2610,2560,2580,2610,2640
Chile,1360,1290,1240,1300,1340,1420,1450,1410,1420,1440,1430,1530,1530,1590,1640,1650,1670,1720,1740,1880,1940,1950,1990,2080,2110,2160,2150,2220,2290,2360
China,179k,184k,188k,194k,200k,208k,218k,227k,237k,250k,267k,281k,297k,313k,333k,346k,353k,369k,388k,409k,431k,446k,461k,473k,488k,504k,520k,537k,555k,576k
Cote d'Ivoire,373,393,418,444,470,495,513,527,544,563,589,610,630,649,668,676,685,692,702,723,750,772,800,834,861,886,894,916,960,986
Cameroon,352,363,375,391,401,414,429,446,467,490,523,553,586,620,651,684,715,737,765,793,830,873,912,942,965,991,1010,1030,1070,1100
"Congo, Dem. Rep.",1870,1900,1930,1920,1950,1990,2040,2030,2050,2070,2070,2080,2060,2120,2120,2090,2100,2110,2170,2240,2310,2410,2510,2610,2700,2770,2860,2970,3140,3280
"Congo, Rep.",155,155,158,160,164,167,170,173,170,170,167,164,162,165,167,167,170,175,181,187,192,200,212,222,231,240,250,261,274,287
Cook Is,3.74,3.79,3.84,3.88,3.91,3.97,4.03,4.08,4.15,4.24,4.34,4.51,4.63,4.74,4.79,4.73,4.74,4.76,4.74,4.78,4.89,5.01,5.08,5.15,5.19,5.3,5.49,5.61,5.75,5.88
Colombia,1690,1850,1900,1910,1960,2000,2090,2030,2010,2120,2170,2250,2750,2500,2580,2470,2600,2560,2650,2900,2900,2830,2870,2910,2840,2970,3060,3140,3230,3330
Comoros,12.6,12.8,13.5,13.8,14.3,14.8,15.1,15.3,15.1,15,15.4,15.5,15.7,15.5,15.3,15.8,15.6,16.7,17.3,17.2,17.3,17.9,18.5,19.1,20.4,20.9,21.4,21.9,22.2,22.8
Cape Verde,14.7,15.1,15.5,16.3,17.1,18,19.8,21.8,22.4,23,23.5,24,24.5,25.1,25.6,26.1,24,23.7,24.4,25.1,25.7,26.9,27.7,28.6,29.2,30.1,31.4,33.6,44,44.8
Costa Rica,137,137,145,146,157,167,164,167,167,182,179,183,182,191,201,191,211,197,210,214,251,241,240,244,248,262,277,286,305,314
Cuba,2470,2480,2510,2550,2590,2560,2550,2590,2660,2740,2760,2860,2860,3030,3160,3330,3280,3370,3430,3550,3630,3430,3610,3670,3770,3960,4040,4320,4420,4360
Cyprus,129,134,137,139,140,142,145,149,153,158,165,171,180,190,206,224,239,264,284,307,314,319,329,346,360,369,376,380,389,398
Czech Republic,5640,5300,5280,5090,5170,5200,5150,5130,4900,4800,4650,4180,4580,4860,4880,4880,4800,4910,4980,4980,5020,4930,4810,4720,4570,4580,4540,4600,4700,4690
Germany,33.1k,33.4k,33.4k,34.2k,35k,35.7k,36.3k,36.7k,37.1k,38.4k,40.2k,40.4k,41.3k,42.4k,42.2k,42.5k,42.6k,42.8k,43.1k,43.3k,42.2k,40.8k,40.1k,40.4k,39.3k,40.4k,39.8k,39.8k,40.2k,40.7k
Djibouti,9.67,10.2,10.8,11.6,12,12.9,13.7,14.4,15.4,16.1,16.8,17.5,18.4,19.2,20.8,21.9,23,24.5,26,27.4,29.1,30.9,32.7,34.4,35.7,37.8,39.6,42,44.8,47.4
Dominica,8.26,8.3,8.41,8.46,8.48,8.51,8.48,8.36,8.26,8.24,8.32,8.36,8.51,8.61,8.66,8.62,8.73,8.88,8.97,9.11,9.33,9.54,9.79,9.91,10.1,10.2,10.3,10.4,10.6,10.7
Denmark,2630,2550,2530,2530,2530,2450,2420,2340,2270,2380,2280,2310,2390,2420,2440,2380,2520,2580,2540,2630,2680,2560,2530,2540,2510,2440,2480,2500,2520,2540
Dominican Republic,277,280,281,291,306,323,347,372,397,422,421,428,448,477,515,540,572,594,608,621,633,655,707,765,803,841,872,884,899,917
Algeria,1140,1190,1210,1220,1240,1260,1250,1230,1220,1230,1240,1240,1290,1340,1400,1480,1530,1620,1710,1820,1870,1920,1980,2030,2090,2150,2230,2320,2390,2480
Ecuador,294,329,333,339,350,354,375,370,392,407,419,447,485,509,543,583,608,630,654,662,680,699,710,717,718,720,743,771,802,820
Egypt,1460,1500,1530,1620,1710,1760,1830,1930,1990,2090,2150,2330,2460,2590,2660,2700,2810,2860,2980,3120,3220,3340,3450,3480,3580,3810,3920,3990,4100,4210
Eritrea,53.3,53.5,56.5,60.4,65.5,72.1,75,77.9,79.6,82.2,84.8,87.5,93.3,96.9,99.8,102,105,107,109,112,114,116,119,122,125,130,133,138,144,151
Spain,16.6k,17.3k,17.7k,18.1k,18.4k,19k,19.3k,18.9k,19.2k,19.8k,19.1k,19.2k,19.4k,20.2k,20.4k,21k,21.2k,22.1k,22.7k,22.9k,23.1k,23.4k,23.7k,23.3k,23.5k,24.1k,23.8k,23.8k,23.6k,23.6k
Estonia,678,702,690,733,762,710,596,605,638,598,585,614,607,592,593,581,603,640,598,589,558,564,561,524,558,531,526,515,510,505
Ethiopia,1110,1120,1140,1150,1140,1150,1150,1160,1160,1170,1160,1150,1160,1170,1180,1200,1210,1220,1240,1270,1290,1320,1340,1380,1410,1450,1500,1550,1620,1690
Finland,1890,1840,1850,1830,1760,1800,1780,1760,1760,1740,1710,1700,1700,1730,1760,1770,1770,1820,1830,1850,1880,1870,1850,1890,1880,1870,1930,1970,1990,2010
Fiji,26.4,26.6,26.7,26.9,27.2,27.4,27.9,28.1,27.4,29.1,29.9,29.9,29.4,30.8,31,32.1,33.6,34.7,35,34.9,36.6,38,39.1,40.3,41.5,42.7,43.7,44.8,45.9,46.9
France,22.9k,23.3k,23.8k,24.3k,24.5k,24.9k,25.2k,25.2k,26.2k,26.6k,26.8k,27.5k,28.1k,28.8k,27.7k,28.6k,28.6k,29.2k,29.9k,31.1k,31.6k,32.1k,32.4k,32.6k,32.1k,33.5k,32k,32.2k,32k,32.2k
"Micronesia, Fed. Sts.",10.1,10.2,10.2,10.3,10.3,10.4,10.5,10.7,10.7,10.8,10.9,11.1,11.1,11.2,11.3,11.3,11.5,11.8,12,12.3,12.5,12.8,13.1,13.4,13.8,14.1,14.5,14.9,15.3,15.7
Gabon,85.4,86.5,88,88.7,90.6,93.9,95.5,95.9,96.3,95.9,97.5,99.1,99.3,101,103,104,106,110,113,115,116,119,121,124,126,130,134,139,144,148
United Kingdom,30.5k,30k,29.3k,29.5k,28.2k,28.1k,27.5k,26.6k,26.5k,26.4k,25.2k,24.9k,24.9k,25.2k,24.7k,24.5k,25k,25k,25.5k,25.4k,25.3k,25k,24.9k,25.6k,25.4k,25.9k,26.2k,26.4k,27.4k,27.8k
Georgia,1640,1620,1530,1370,1270,1130,1050,1060,1030,1030,1030,1040,1100,1140,1190,1190,1230,1250,1310,1340,1400,1460,1470,1440,1430,1480,1510,1520,1520,1520
Ghana,326,337,349,363,374,384,398,421,439,460,482,503,523,540,561,581,598,611,632,659,691,723,750,772,797,827,860,891,910,937
Guinea,222,228,236,244,254,262,271,281,291,301,307,314,322,328,335,341,349,357,362,370,380,386,394,400,409,415,418,422,429,432
Gambia,15.9,16.7,17.8,18.1,18.8,20.8,20.6,21.7,23.3,25.6,25.3,25.8,27,28.5,31.4,32.7,32.9,33.7,33.3,34.6,35.1,33.6,34.5,35.8,38.5,38.4,40.7,43.2,44,45.3
Guinea-Bissau,46,45.4,44.9,44.4,44,43.6,43.4,43.1,43,43.2,43.5,44.9,46.2,47.5,49.4,50.3,51.3,52.4,53.6,54.9,56.1,57.6,58.8,59.9,61.1,62.5,63.8,65,66.2,67.8
Equatorial Guinea,22.6,22.6,22.4,22.4,22.3,22.6,22.9,22.8,22.9,23.1,23.3,23.8,23.9,24.6,25.8,26.6,27.8,28.8,29.9,31.1,32.1,34.6,36.4,37.7,38.9,40.3,42.6,44.6,46.5,47.8
Greece,5440,5740,5960,5990,6110,6240,6350,6350,6470,6680,6740,6800,6660,6860,7030,7030,6900,7310,7120,7260,7040,7300,7430,7160,7120,7220,7080,7070,7120,7180
Grenada,7.82,7.52,7.47,7.13,7.05,6.93,6.81,6.73,6.86,7.65,7.89,8.08,8.42,8.68,8.9,8.89,9,9.13,9.29,9.3,9.42,9.58,9.29,9.52,9.87,10,10.5,10.3,10.8,11
Greenland,18.8,19.3,19.7,20.2,20.9,21.7,22.1,22.5,23.2,24.1,24.8,25.3,25.9,26.4,27.1,27.4,28.1,28.8,29,29.6,30.1,30.4,30.4,30.7,30.6,30.7,31.4,31.8,32.4,33.1
Guatemala,190,211,224,241,256,242,243,273,292,303,320,338,340,354,367,378,385,389,396,408,420,431,440,455,460,472,482,482,494,508
Guam,21.1,21.9,22.6,23.5,24.5,23.9,23.1,22.5,22.8,23.1,23.4,23.8,25,24.9,26,26.6,27.2,27.9,28.9,30,31,31.5,32.4,33.7,34.8,35.5,36.4,37.2,38.3,39.3
Guyana,23,21.5,20.8,21.5,21,21.7,22.6,22.3,22.7,22.9,25.1,24.8,25.1,25,25.1,25.4,25.5,26.1,26.5,27.1,28.3,28.9,29.8,30.4,31.4,31.8,32.4,33.2,34,34.7
Honduras,149,155,162,169,177,185,192,199,208,219,232,241,251,262,274,284,295,307,324,344,369,404,455,469,481,492,504,518,535,556
Croatia,2490,2430,2450,2490,2470,2490,2530,2600,2530,2460,2300,2270,2320,2490,2440,2610,2590,2710,2880,2880,2720,2690,2710,2550,2590,2670,2540,2540,2510,2520
Haiti,355,352,356,357,353,357,352,353,348,352,355,362,366,374,381,387,396,407,417,427,428,436,450,465,477,490,503,516,532,546
Hungary,5640,5670,6100,6230,6270,6280,6080,6130,6460,6640,6440,6460,6600,6710,6650,6810,6720,6740,6580,6610,6450,6300,6200,5900,5950,6070,5990,5990,6070,5820
Indonesia,11.9k,12.4k,12.9k,13.4k,13.9k,14.4k,14.9k,15.5k,16k,16.5k,17.1k,17.5k,18.1k,18.6k,19.2k,20k,20.8k,21.6k,22.4k,23.2k,24k,25k,25.9k,26.7k,27.5k,28.4k,29.4k,30.5k,31.7k,32.9k
India,23.4k,24.5k,25.1k,25.9k,26.8k,27.2k,28.6k,30.8k,31.4k,31.2k,32.1k,33.1k,33.8k,34.4k,34k,35.8k,37.5k,39.3k,41.2k,42.7k,44.4k,46.5k,48.3k,49.6k,50.2k,51.8k,54.2k,56.2k,58.7k,61.3k
Ireland,1110,1110,1110,1140,1100,1120,1090,1080,1110,1120,1120,1090,1140,1110,1150,1130,1160,1210,1230,1330,1210,1280,1290,1290,1280,1270,1270,1290,1320,1360
Iran,2280,2320,2370,2420,2470,2530,2590,2640,2680,2720,2800,2880,2950,3040,3160,3290,3440,3550,3690,3870,4040,4190,4380,4610,4870,5130,5300,5480,5670,5880
Iraq,1010,1020,1040,1060,1060,1080,1100,1120,1140,1170,1210,1250,1300,1340,1380,1410,1450,1510,1620,1690,1810,1940,2100,2260,2360,2470,2580,2690,2830,3000
Iceland,57.4,58.4,57.9,58.2,59.4,63.1,65.8,67.7,68.5,67.7,67,68,70.3,70.8,72.4,77.1,80.6,84.5,85.4,87.6,88.1,88.2,89.8,89.5,84.8,87.5,91.5,95.3,97.8,100
Israel,775,869,952,954,994,1040,1050,1080,1150,1130,1180,1180,1230,1250,1270,1290,1330,1390,1400,1390,1450,1490,1530,1570,1550,1650,1620,1650,1710,1750
Italy,28.3k,29.3k,29.4k,29.3k,30k,30.2k,30.1k,30.3k,31.1k,31.3k,30.6k,30.9k,30.8k,31.9k,30.7k,30.8k,30.7k,30.6k,30.8k,30.8k,30.2k,30.4k,30.3k,29.7k,29.1k,30k,28.7k,28.7k,29k,29.2k
Jamaica,211,195,209,230,243,249,272,301,333,364,364,376,353,343,324,305,325,400,480,528,404,454,379,377,409,423,429,436,444,447
Jordan,138,140,146,154,161,166,169,171,173,175,176,180,188,196,212,236,267,295,320,351,383,412,439,464,495,528,565,606,650,697
Japan,37.7k,39.4k,41.6k,43.3k,43.8k,46.1k,46.6k,47.6k,50.6k,52.8k,53.2k,54.8k,56.6k,60.4k,62.4k,66.3k,67.4k,70.4k,72.9k,75.3k,77.7k,79.6k,80.2k,81.3k,81.4k,81.5k,81.6k,80.6k,81k,81.7k
Kazakhstan,4690,4590,4580,4700,4640,4630,4410,4100,3820,3560,3490,3430,3450,3470,3380,3350,3300,3250,3110,3030,3060,3060,3050,2990,2920,2920,2970,2940,3060,3050
Kenya,298,312,327,340,352,365,381,398,417,434,458,474,498,525,545,563,581,600,618,639,660,681,699,714,734,757,785,814,853,895
Kyrgyz Republic,679,678,668,670,667,627,565,523,477,434,393,372,371,371,356,353,363,362,351,348,358,366,374,381,391,393,390,407,414,430
Cambodia,849,858,873,893,912,936,951,970,993,1010,1030,1050,1070,1100,1140,1180,1220,1280,1330,1380,1440,1510,1560,1630,1690,1760,1830,1910,2000,2090
Kiribati,6.23,6.33,6.38,6.46,6.42,6.45,6.58,6.68,6.81,6.98,7.11,7.25,7.39,7.53,7.64,7.72,7.95,8.21,8.49,8.72,8.95,9.14,9.34,9.55,9.73,9.98,10.3,10.6,10.8,11.1
St. Kitts and Nevis,3.07,3,2.92,2.8,2.8,2.8,2.79,2.75,2.72,2.66,2.63,2.63,2.65,2.68,2.85,2.91,3.02,3.11,2.73,2.74,2.82,2.91,3.04,3.16,3.31,3.47,3.61,3.83,4.11,5.06
South Korea,5580,6190,6650,7270,8100,8620,9290,9870,10.5k,11k,11.4k,11.6k,12k,12.6k,13.2k,13.5k,13.9k,14.5k,15.2k,15.8k,16.4k,16.9k,17.5k,18.1k,18.7k,19.3k,19.8k,20.7k,21.5k,22.7k
Kuwait,54,47.3,43.8,49.6,54.6,62.4,63.5,74.5,70.3,79.9,81,71,79,82.1,87,91.2,101,101,117,109,98.1,98.7,111,119,123,131,141,152,163,173
Lao,434,440,449,456,463,470,476,481,487,489,489,491,487,490,492,497,505,513,522,531,539,547,558,572,588,608,629,653,682,713
Lebanon,384,387,395,404,409,416,427,439,446,475,505,541,577,614,653,691,730,765,793,821,841,867,888,904,912,913,911,910,912,914
Liberia,83.4,83.5,82.1,80.7,79.4,76.5,76.6,74.1,73.7,72.9,74.6,75.8,77.6,79.2,80.8,82.8,86.5,89.8,92.7,96.9,101,104,108,111,111,112,114,116,120,125
Libya,339,342,346,350,353,356,358,377,401,422,436,454,472,479,464,472,488,530,552,567,571,579,594,619,645,668,696,724,759,797
St. Lucia,8.23,8.32,8.32,8.26,8.32,8.5,8.8,8.81,8.84,9,9.33,9.63,10.1,10.4,10.7,10.7,10.8,11.2,11.6,11.8,11.8,11.9,12.3,13.3,14,14.7,16.1,16.8,17.4,17.9
Sri Lanka,639,598,598,595,624,661,703,789,815,866,913,923,941,996,1040,1100,1170,1240,1340,1360,1450,1530,1590,1590,1640,1640,1660,1680,1680,1730
Lesotho,98.8,100,103,105,109,113,117,122,125,128,130,133,136,138,143,145,148,148,149,151,153,156,160,163,167,169,169,170,172,174
Lithuania,1340,1430,1400,1550,1580,1510,1400,1320,1340,1320,1310,1380,1350,1320,1300,1380,1410,1460,1360,1250,1290,1260,1250,1260,1210,1230,1240,1100,1110,1080
Luxembourg,197,200,197,199,199,205,206,203,202,199,200,195,202,207,214,213,214,208,202,206,206,207,209,207,209,204,201,205,211,217
Latvia,1090,1100,1110,1240,1340,1190,991,949,1020,973,959,1020,1010,965,972,1040,1080,1080,1000,945,934,899,892,888,871,837,778,774,777,777
Morocco,1880,1960,2060,2150,2180,2220,2260,2310,2360,2430,2420,2460,2470,2580,2650,2720,2800,2890,2970,3060,3160,3250,3380,3720,3840,3980,4130,4290,4460,4620
Monaco,22.9,23.2,23.6,24.1,24.6,25.3,26.2,27.5,29.3,31.7,34,35.6,36.8,37.6,38.3,38.7,39.1,39.5,40,40.5,40.6,40.8,41.1,41.8,42,42,42.1,42.2,42.5,42.7
Moldova,1150,1120,997,966,1080,1060,951,818,750,741,737,723,732,755,770,847,829,833,842,866,930,838,859,838,900,963,946,870,863,842
Madagascar,268,267,266,275,269,283,287,287,292,290,289,290,296,306,308,310,312,314,325,335,343,353,363,373,383,394,408,423,442,460
Maldives,9.32,9.76,10.2,10.6,10.9,11.2,11.5,11.7,11.7,11.4,11.7,11.9,12.1,12.1,12.1,12.2,12.4,12.7,13.2,13.6,14,14.6,14.8,15.2,15.7,16.1,17,18,19.1,20.3
Mexico,3990,4070,4190,4340,4480,4580,4670,4810,4910,4900,4860,4850,5010,5120,5060,5200,5110,5030,5320,5380,5300,5250,5270,5550,5610,5680,5790,6220,6510,6930
Marshall Islands,3.6,3.65,3.7,3.66,3.33,3.45,3.53,3.65,3.75,3.85,3.99,4.15,4.3,4.44,4.57,4.72,4.93,5.1,5.28,5.46,5.66,5.84,6.01,6.19,6.37,6.58,6.78,7,7.22,7.44
North Macedonia,489,497,541,570,587,611,634,649,678,698,710,750,801,816,823,862,910,931,927,970,981,978,991,1000,1030,1030,1050,1060,1070,1090
Mali,184,186,190,195,200,205,207,209,211,214,220,226,235,243,253,261,269,282,291,303,313,320,327,335,346,361,381,398,409,419
Malta,101,101,102,102,102,107,112,115,113,116,117,119,123,123,125,130,131,137,143,146,151,153,155,156,159,155,159,162,165,168
Myanmar,4480,4550,4630,4700,4760,4820,4890,4930,4980,5010,5040,5080,5100,5110,5220,5260,5340,5380,5410,5500,5560,5690,5760,5880,6000,6140,6320,6520,6760,6980
Montenegro,240,237,242,259,270,277,285,301,307,308,314,329,344,358,368,379,382,382,381,383,383,387,384,393,401,407,416,423,420,422
Mongolia,320,330,331,337,342,350,355,348,348,342,334,338,331,323,315,312,310,309,316,330,342,358,368,381,392,410,439,464,490,521
Northern Mariana Islands,7.78,8.18,8.2,8.02,7.86,8,8.39,8.94,9.56,10.4,11.1,11.4,11.3,11.1,11,11.2,11.6,12,12.4,12.8,13.5,13.9,14.1,14.1,14.2,14.8,15.5,16.1,16.6,17.1
Mozambique,227,230,235,242,246,251,257,267,278,290,305,313,328,342,362,382,401,418,439,457,477,496,513,528,540,549,558,570,584,597
Mauritania,72.5,72.3,72.9,73.6,72,70.5,71.1,71.2,72.3,71.3,73.3,76.9,79.8,81.7,86.5,89.3,94.3,95.7,98,104,107,111,117,122,122,126,128,134,137,140
Mauritius,81.4,81.1,81.6,86,86.3,87.7,89.4,92.6,90.5,90.3,89.8,97.3,102,102,101,102,102,102,109,114,111,114,115,120,125,128,135,135,142,146
Malawi,155,159,164,168,173,179,185,192,200,204,208,209,212,215,220,223,223,224,225,230,239,245,249,252,257,262,269,275,284,293
Malaysia,1150,1190,1240,1300,1390,1510,1580,1640,1680,1900,1900,1960,2010,2140,2210,2270,2360,2460,2630,2740,2740,2810,2880,2880,3020,3120,3250,3350,3470,3640
Namibia,34.2,35,36.2,37.1,38.6,40,41.2,42.3,43.5,44.9,46.6,47.5,48.7,50.3,51,51.3,51.4,52.1,52.9,54,55.7,56.3,57.8,60,62.3,64.5,66.6,68.5,70.4,72
Niger,186,185,186,189,189,192,191,195,201,208,218,230,243,260,267,279,289,300,308,321,336,351,367,386,406,432,456,480,502,515
Nigeria,2150,2200,2250,2310,2360,2390,2430,2480,2550,2610,2680,2760,2870,2980,3100,3170,3230,3300,3370,3480,3590,3690,3800,3840,3870,3920,3930,3960,3990,4030
Nicaragua,81.4,91.3,93,96.9,102,108,114,112,113,119,119,120,127,134,138,147,144,153,160,164,166,174,180,183,186,184,197,199,208,217
Niue,0.4,0.4,0.41,0.41,0.41,0.42,0.43,0.44,0.44,0.44,0.45,0.45,0.45,0.44,0.44,0.43,0.43,0.43,0.42,0.42,0.42,0.42,0.42,0.42,0.42,0.42,0.42,0.42,0.43,0.43
Netherlands,8390,8310,8290,8600,8280,8230,8320,8100,8010,7940,7700,7480,7170,6550,7220,7300,7550,7720,8100,8230,8400,8270,8420,8420,8170,8390,8450,8570,8740,8910
Norway,1290,1270,1320,1340,1330,1370,1340,1360,1430,1410,1450,1440,1490,1480,1490,1490,1530,1560,1630,1660,1650,1730,1670,1710,1660,1620,1620,1550,1560,1600
Nepal,522,532,539,557,570,583,590,604,613,618,630,633,636,646,668,691,720,748,776,806,839,886,929,971,1010,1050,1080,1120,1160,1200
Nauru,1.13,1.13,1.13,1.13,1.12,1.14,1.16,1.17,1.17,1.17,1.16,1.16,1.15,1.13,1.11,1.09,1.07,1.06,1.04,1.03,1.02,1.01,1.01,1.01,1.01,1.02,1.02,1.04,1.05,1.07
New Zealand,1010,998,1050,1040,1010,1070,1050,1030,997,1030,986,982,966,1030,1030,1040,1030,1090,1090,1110,1100,1110,1130,1130,1170,1160,1190,1200,1290,1310
Oman,48.3,50.2,51.9,53.1,54.6,56.3,59.3,61.4,62.6,63.3,65.4,68,69.8,69.9,68.6,70,74.9,79.7,83.4,85.4,88.1,95.1,99.8,101,99.7,103,107,108,103,102
Pakistan,7150,7400,7650,7910,8200,8540,8740,9170,9510,9920,10.4k,10.5k,10.7k,10.8k,11.1k,11.4k,11.6k,11.9k,12.2k,12.4k,12.6k,12.8k,13k,13.4k,13.7k,14k,14.3k,14.6k,15k,15.4k
Panama,162,163,167,184,178,187,178,187,189,193,178,183,189,199,194,201,207,204,211,215,217,222,233,231,240,245,249,263,267,279
Peru,1160,1070,1160,1210,1190,1220,1220,1190,1180,1060,1080,1070,1090,1120,1130,1140,1160,1190,1250,1420,1500,1540,1560,1570,1560,1570,1610,1650,1710,1760
Philippines,5110,5270,5580,5900,6230,6480,6770,6910,7030,6840,6810,6780,6750,6680,6670,6740,6770,6820,7010,7130,7240,7380,7570,7750,7980,8270,8570,8830,9150,9520
Palau,2.41,2.47,2.53,2.61,2.71,2.84,2.95,3.06,3.2,3.37,3.52,3.6,3.65,3.69,3.74,3.74,3.77,3.78,3.81,3.86,3.91,3.96,4,4.09,4.21,4.38,4.52,4.68,4.85,5.03
Papua New Guinea,282,289,297,304,311,322,333,343,356,369,381,393,407,422,437,454,470,490,508,526,554,579,601,621,647,680,704,737,775,809
Poland,16.6k,17.7k,17.5k,17k,17.3k,18.1k,17.9k,18.5k,18.8k,19.6k,19.1k,19.2k,19.3k,19.3k,19.8k,19.9k,20.1k,20.4k,20.3k,20k,19.7k,19.7k,20k,19.9k,19.4k,20.2k,20.2k,20.5k,20.7k,20.9k
Puerto Rico,426,436,448,464,462,487,481,458,499,472,470,491,462,468,482,494,494,501,505,540,513,548,521,531,522,506,515,529,537,542
North Korea,3010,3140,3260,3380,3500,3610,3720,3820,3910,4000,4080,4150,4210,4310,4430,4550,4690,4840,4990,5120,5230,5320,5400,5480,5560,5640,5720,5830,5940,6060
Portugal,2220,2340,2400,2520,2440,2600,2760,2740,2840,2890,2910,2990,3100,3210,3160,3280,3400,3420,3460,3520,3590,3600,3600,3640,3600,3480,3610,3610,3560,3550
Paraguay,176,179,199,211,226,244,265,280,303,331,342,349,361,381,400,409,423,432,445,473,491,496,506,526,535,564,599,616,635,657
Palestine,147,148,149,150,152,154,156,159,162,166,173,182,191,198,206,213,220,223,230,240,252,264,271,288,321,344,355,372,391,410
French Polynesia,,,,,,,,,,,,,38,,,,,,,,,,,,,,,,,
Qatar,14.5,15.6,16.6,17.3,16.8,17.3,20.1,22.4,24,24.9,25.7,27,29.8,32.7,34.6,37.3,40.1,42.9,48.5,53.2,57.9,60.5,64.5,68.7,72.7,76.1,79.7,85.1,94.1,103
Romania,6360,6410,6960,7120,7350,7750,8130,8300,7840,7360,7350,7770,8010,8040,7930,7940,7910,7950,8380,8650,8780,8330,8570,8350,8850,8830,8960,8950,8980,8890
Russia,52.7k,52.8k,56.9k,67.2k,71.2k,64.8k,58.2k,52.8k,50.5k,53.5k,54.8k,53.7k,53.8k,53.6k,51.5k,53.9k,49.2k,47.6k,49.2k,47.6k,49.4k,46.6k,46.2k,46.2k,48.1k,48.5k,48.5k,45.4k,45.1k,46k
Rwanda,191,199,189,164,152,158,174,182,181,177,172,167,166,166,168,170,174,180,185,191,198,208,219,228,239,251,264,277,295,312
Saudi Arabia,353,372,390,408,429,452,474,492,508,527,548,562,585,610,628,648,666,689,716,740,771,798,826,861,895,942,976,1020,1060,1120
Serbia and Montenegro,,,,,,,,,,,,,4330,,,,,,,,,,,,,,,,,
Sudan,599,620,635,649,662,676,688,697,705,712,725,744,768,787,806,824,835,847,862,878,893,912,927,942,964,990,1020,1050,1090,1120
Senegal,274,279,281,284,289,285,283,286,291,300,303,374,392,389,418,433,442,457,473,500,480,502,510,531,561,581,606,618,629,655
Singapore,630,662,658,660,705,733,772,772,813,790,794,802,828,816,813,852,844,914,973,987,1020,1060,1100,1160,1180,1210,1230,1240,1320,1370
Solomon Islands,35.7,37,38.4,39.7,41,42.8,44.6,46.4,48.1,49.8,51.6,53.3,54.3,55.4,56.4,57.6,59.1,60.2,59.7,62.3,63.6,66.9,69,71,73.4,75.4,76.8,78.4,80.7,83
Sierra Leone,151,148,146,144,141,141,139,139,138,137,139,144,150,156,162,169,174,179,180,186,195,202,210,217,224,233,239,249,261,270
El Salvador,145,149,158,167,173,177,173,183,204,193,204,205,203,217,229,237,246,245,241,252,239,250,239,250,277,283,289,293,297,306
San Marino,9.95,10.1,10.2,10.3,10.5,10.6,10.7,11,11.2,11.5,11.8,11.9,12.1,12.2,12.6,12.9,13.1,13.3,13.6,13.8,14.1,14.3,14.6,14.9,15.1,15.4,15.6,15.8,16,16.2
Somalia,138,140,144,147,150,155,159,163,167,170,173,176,181,187,193,198,201,209,216,224,230,236,241,247,254,261,268,275,284,291
Serbia,3870,3930,4100,4250,4380,4480,4610,4770,4490,4460,4670,4630,4760,4950,5140,5270,5340,5410,5520,5540,5530,5550,5550,5560,5610,5710,5540,5550,5500,5500
South Sudan,192,194,196,197,198,200,200,197,196,196,195,191,191,193,196,198,201,204,207,211,215,218,222,224,227,230,231,235,241,247
Sao Tome and Principe,6.72,6.81,6.94,7.09,7.14,7.33,7.57,7.78,8.03,8.11,8.12,8.26,8.4,8.47,8.67,8.62,8.91,9.02,9.11,9.34,9.59,9.79,10.2,10.6,11,11.4,11.8,12.2,12.6,13.1
Suriname,23.9,25.2,26.5,28.9,27.6,24,23.6,24.6,27.5,30.1,31.9,33.6,35.6,36.9,36.9,37.2,37.4,38.5,40,41.1,42.8,43.9,45.1,48.4,51.4,53.5,55,56.7,58.3,59.2
Slovak Republic,2410,2360,2350,2290,2240,2270,2210,2220,2230,2150,2080,1980,1920,1830,1750,1820,1820,1900,2010,2060,2100,2140,2170,2180,2220,2300,2240,2300,2320,2370
Slovenia,716,733,750,778,797,819,825,853,873,868,867,903,906,969,935,891,961,955,954,927,940,910,934,933,875,949,935,954,964,971
Sweden,1940,2000,1930,1950,1890,1940,1910,1940,1950,1970,1930,1960,1950,1940,2030,1970,1960,1980,1990,2000,2000,2050,2020,2030,2030,2060,2010,2040,2080,2100
Eswatini,36.8,38,38.6,39.4,41.3,43.9,47.5,49.3,52.1,54.6,57.6,60.8,62.8,64.5,65.8,66,65.8,66.2,67.3,68.2,67.8,67.7,68.6,69.2,69.8,70.2,70.5,71,72.1,73.6
Seychelles,8.5,8.57,8.79,8.96,9.26,9.33,9.36,9.21,9.11,9.03,8.8,8.86,9.34,9.88,9.96,10.4,10.4,10.5,10.6,10.7,10.4,10.3,10.7,10.9,11.1,11.7,12.4,13,13.7,14.4
Syria,427,444,471,473,484,497,512,529,550,557,562,559,581,584,600,626,655,701,771,811,873,893,908,918,921,919,929,947,968,991
Chad,178,181,186,191,197,201,211,219,225,234,242,254,266,279,294,305,317,332,347,364,380,396,411,422,434,448,461,476,493,507
Togo,90.6,93.1,95.8,98.2,102,106,110,114,119,122,129,136,142,150,156,162,168,175,184,193,201,207,211,214,223,233,244,255,264,275
Thailand,6970,7390,7770,8120,8500,8890,9270,8820,9470,10.2k,10.1k,9480,9570,9730,10k,10.2k,10.4k,10.7k,11k,11.2k,11.7k,12k,12.1k,12.1k,12.4k,12.7k,13.2k,13.6k,14.2k,14.7k
Tajikistan,434,424,410,365,356,333,310,288,274,265,261,263,270,279,294,311,323,336,344,347,355,363,362,358,362,365,368,386,395,411
Tokelau,0.19,0.19,0.19,0.19,0.18,0.18,0.18,0.18,0.17,0.17,0.17,0.17,0.17,0.17,0.17,0.16,0.16,0.16,0.16,0.16,0.16,0.17,0.17,0.17,0.18,0.18,0.18,0.19,0.2,0.2
Turkmenistan,282,271,250,286,299,287,294,276,254,214,196,184,185,184,189,200,202,208,206,194,197,208,214,235,257,271,280,290,302,311
Timor-Leste,33.9,34.9,36.6,38.3,39.5,41,42,42.6,44.9,46.5,48.4,49.5,50.9,53,54.4,57.8,60.8,64.7,67.7,72.6,78.5,85.1,90.5,94.6,97.4,102,105,108,110,113
Tonga,11.8,12,12.1,12.4,12.7,12.8,13.2,13.6,14.6,15.7,15.9,15.7,16,16.2,15.8,15,15.1,15.3,15.5,15.7,15.9,16.1,16.1,16.2,16.2,16.3,16.3,16.4,16.4,16.5
Trinidad and Tobago,77,76.7,81.8,84.2,86.5,81.4,91.2,85.6,92.4,96.5,93,98.5,98.2,105,106,110,108,112,124,119,123,122,120,122,126,130,135,138,141,144
Tunisia,900,960,1010,1060,1090,1140,1180,1240,1290,1320,1350,1370,1380,1390,1400,1440,1480,1510,1550,1600,1650,1700,1750,1810,1860,1930,1990,2060,2130,2200
Turkey,12.4k,12.5k,12.6k,12.6k,12.6k,12.5k,12.2k,12k,11.6k,11k,10.3k,10.2k,10.2k,10.4k,10.8k,11.5k,12.6k,13.8k,15.5k,17.9k,19.7k,21k,21.8k,22.4k,23k,23.2k,23.4k,23.8k,23.9k,24.3k
Tuvalu,1.2,1.23,1.25,1.27,1.28,1.3,1.32,1.34,1.36,1.36,1.36,1.37,1.38,1.4,1.41,1.42,1.44,1.46,1.49,1.51,1.54,1.56,1.58,1.61,1.63,1.66,1.69,1.73,1.77,1.81
Taiwan,2880,3050,3260,3430,3720,3980,4300,4480,4690,4780,4970,5020,4780,5250,5730,6120,6260,6420,6630,6620,6690,7100,6990,6950,7170,7110,7360,7470,7600,7800
Tanzania,689,707,729,748,766,779,800,821,847,867,879,890,914,942,971,998,1020,1050,1080,1100,1130,1160,1200,1240,1270,1290,1340,1400,1460,1530
Uganda,301,317,326,338,349,358,368,373,379,384,391,393,397,403,410,417,425,435,442,455,468,486,506,526,540,550,568,580,604,626
Ukraine,25.3k,26.6k,27.7k,27.5k,27.7k,29k,27.3k,25.2k,22.8k,22.9k,23k,21.5k,20.9k,19.5k,19.1k,18k,16.4k,16.7k,16.7k,14.7k,14.3k,14k,14.3k,14.2k,13.1k,17k,16.2k,16.2k,16.8k,16.8k
Uruguay,1480,1420,1460,1490,1450,1440,1410,1370,1380,1370,1340,1280,1310,1290,1270,1270,1230,1320,1250,1260,1280,1290,1290,1280,1250,1250,1230,1250,1270,1290
United States,116k,117k,117k,121k,122k,123k,122k,120k,121k,122k,122k,121k,122k,121k,118k,119k,119k,119k,121k,122k,121k,123k,123k,123k,123k,123k,125k,127k,134k,138k
Uzbekistan,1610,1630,1650,1730,1790,1840,1860,1770,1700,1660,1670,1650,1620,1570,1470,1490,1460,1430,1400,1330,1330,1420,1480,1540,1620,1690,1750,1840,1930,1990
St. Vincent and the Grenadines,4.44,4.53,4.66,4.71,4.66,4.75,4.93,4.9,5,5.13,5.31,5.15,5.36,5.49,5.58,5.43,5.59,5.66,5.87,6.06,6.26,6.46,6.9,7.3,7.57,7.98,8.17,8.44,8.72,8.98
Venezuela,1170,1230,1280,1330,1380,1400,1380,1370,1490,1530,1620,1740,1850,2070,2040,2150,2420,2620,2790,2830,2590,2640,2820,2790,2700,2790,2920,3070,3210,3500
Virgin Islands (U.S.),9.74,10.1,10.6,11.2,11.8,11.8,12.2,12.3,12.5,13.2,13.6,14.2,15.1,15.8,16.6,17.3,19,24.2,25.4,26.3,27.2,27.9,28.4,28.8,29,29.5,29.2,29.3,29.3,29.3
Vietnam,7000,7240,7520,7660,7820,8000,8090,8360,8620,8880,9100,9390,9660,9930,10.2k,10.5k,10.8k,11.3k,11.7k,12.2k,12.6k,13.2k,13.8k,14.4k,15.1k,15.7k,16.3k,17k,17.8k,18.5k
Vanuatu,11.2,11.8,12.3,12.7,13.3,13.5,13.9,14.3,14.6,15.2,15.3,16,15.9,16,16.7,17.9,18.9,20.1,21.4,22.5,23.7,25.3,26.3,27.4,28.5,29.5,30.5,31.5,32.6,33.7
Samoa,7.12,7.21,7.28,7.32,7.37,7.47,7.6,7.7,7.82,7.98,8.13,8.25,8.36,8.51,8.65,8.78,8.92,9.01,9.1,9.17,9.23,9.34,9.47,9.58,9.72,9.94,10.2,10.4,10.6,10.9
Yemen,401,411,423,435,448,462,476,490,501,520,539,560,586,606,628,651,676,699,728,749,766,797,823,854,877,909,933,961,990,1010
South Africa,3460,3640,3830,3830,4100,4490,4860,5470,5600,5390,5440,5350,5320,5310,5220,5150,5240,5210,5260,5310,5380,5420,5490,5560,5730,5930,5910,5960,5830,5830
Zambia,210,221,230,239,247,255,263,268,273,276,280,283,289,296,303,309,316,321,327,335,350,363,371,381,393,407,421,443,463,484
Zimbabwe,397,409,424,434,450,465,467,471,469,465,464,472,478,477,479,474,469,466,468,465,466,469,475,483,495,511,525,539,555,572
